{"latitud": 53.36210982509171, "longitud": -2.274586355894077}