{"latitud": 53.42676630191229, "longitud": -6.243583275354467}