{"latitud": 28.104074, "longitud": -15.457926}